Product Category,section
Clothing,MAN
Clothing,MAN
Clothing,MAN
Clothing,MAN
Clothing,MAN
Clothing,MAN
Clothing,MAN
Clothing,MAN
Clothing,MAN
Clothing,MAN
Clothing,MAN
Clothing,MAN
Clothing,MAN
Clothing,MAN
Clothing,MAN
Clothing,MAN
Clothing,MAN
Clothing,MAN
Clothing,MAN
Clothing,MAN
Clothing,MAN
Clothing,MAN
Clothing,MAN
Clothing,MAN
Clothing,MAN
Clothing,MAN
Clothing,MAN
Clothing,MAN
Clothing,MAN
Clothing,MAN
Clothing,MAN
Clothing,MAN
Clothing,MAN
Clothing,MAN
Clothing,MAN
Clothing,MAN
Clothing,MAN
Clothing,MAN
Clothing,MAN
Clothing,MAN
Clothing,MAN
Clothing,MAN
Clothing,MAN
Clothing,MAN
Clothing,MAN
Clothing,MAN
Clothing,MAN
Clothing,MAN
Clothing,MAN
Clothing,MAN
Clothing,MAN
Clothing,MAN
Clothing,MAN
Clothing,MAN
Clothing,MAN
Clothing,MAN
Clothing,MAN
Clothing,MAN
Clothing,MAN
Clothing,MAN
Clothing,MAN
Clothing,MAN
Clothing,MAN
Clothing,MAN
Clothing,MAN
Clothing,MAN
Clothing,MAN
Clothing,MAN
Clothing,MAN
Clothing,MAN
Clothing,MAN
Clothing,MAN
Clothing,MAN
Clothing,MAN
Clothing,MAN
Clothing,MAN
Clothing,MAN
Clothing,MAN
Clothing,MAN
Clothing,MAN
Clothing,MAN
Clothing,MAN
Clothing,MAN
Clothing,MAN
Clothing,MAN
Clothing,MAN
Clothing,MAN
Clothing,MAN
Clothing,MAN
Clothing,MAN
Clothing,MAN
Clothing,MAN
Clothing,MAN
Clothing,MAN
Clothing,MAN
Clothing,MAN
Clothing,MAN
Clothing,MAN
Clothing,MAN
Clothing,MAN
Clothing,MAN
Clothing,MAN
Clothing,MAN
Clothing,MAN
Clothing,MAN
Clothing,MAN
Clothing,MAN
Clothing,MAN
Clothing,MAN
Clothing,MAN
Clothing,MAN
Clothing,MAN
Clothing,MAN
Clothing,MAN
Clothing,MAN
Clothing,MAN
Clothing,MAN
Clothing,MAN
Clothing,MAN
Clothing,MAN
Clothing,MAN
Clothing,MAN
Clothing,MAN
Clothing,MAN
Clothing,MAN
Clothing,MAN
Clothing,MAN
Clothing,MAN
Clothing,MAN
Clothing,MAN
Clothing,MAN
Clothing,MAN
Clothing,MAN
Clothing,MAN
Clothing,MAN
Clothing,MAN
Clothing,MAN
Clothing,MAN
Clothing,MAN
Clothing,MAN
Clothing,MAN
Clothing,MAN
Clothing,MAN
Clothing,MAN
Clothing,MAN
Clothing,MAN
Clothing,MAN
Clothing,MAN
Clothing,MAN
Clothing,MAN
Clothing,MAN
Clothing,MAN
Clothing,MAN
Clothing,MAN
Clothing,MAN
Clothing,MAN
Clothing,MAN
Clothing,MAN
Clothing,MAN
Clothing,MAN
Clothing,WOMAN
Clothing,WOMAN
Clothing,WOMAN
Clothing,WOMAN
Clothing,WOMAN
Clothing,WOMAN
Clothing,WOMAN
Clothing,WOMAN
Clothing,WOMAN
Clothing,WOMAN
Clothing,WOMAN
Clothing,WOMAN
Clothing,WOMAN
Clothing,WOMAN
Clothing,WOMAN
Clothing,WOMAN
Clothing,WOMAN
Clothing,WOMAN
Clothing,WOMAN
Clothing,WOMAN
Clothing,WOMAN
Clothing,WOMAN
Clothing,WOMAN
Clothing,WOMAN
Clothing,WOMAN
Clothing,WOMAN
Clothing,WOMAN
Clothing,WOMAN
Clothing,WOMAN
Clothing,WOMAN
Clothing,WOMAN
Clothing,WOMAN
Clothing,WOMAN
Clothing,WOMAN
Clothing,MAN
Clothing,MAN
Clothing,MAN
Clothing,MAN
Clothing,MAN
Clothing,MAN
Clothing,MAN
Clothing,MAN
Clothing,MAN
Clothing,MAN
Clothing,MAN
Clothing,MAN
Clothing,MAN
Clothing,MAN
Clothing,MAN
Clothing,MAN
Clothing,MAN
Clothing,MAN
Clothing,MAN
Clothing,MAN
Clothing,MAN
Clothing,MAN
Clothing,MAN
Clothing,MAN
Clothing,MAN
Clothing,MAN
Clothing,MAN
Clothing,MAN
Clothing,MAN
Clothing,MAN
Clothing,MAN
Clothing,MAN
Clothing,MAN
Clothing,MAN
Clothing,MAN
Clothing,MAN
Clothing,MAN
Clothing,MAN
Clothing,MAN
Clothing,MAN
Clothing,MAN
Clothing,MAN
Clothing,MAN
Clothing,MAN
Clothing,MAN
Clothing,MAN
Clothing,MAN
Clothing,MAN
Clothing,MAN
Clothing,MAN
Clothing,MAN
Clothing,MAN
Clothing,MAN
Clothing,MAN
Clothing,MAN
Clothing,MAN
Clothing,MAN
Clothing,MAN
